{"cameraMode":{"drawMode":0,"name":"Shaded","section":"Shading Mode"},"sceneLighting":false,"audioPlay":false,"sceneViewState":{"showFog":true,"showMaterialUpdate":false,"showSkybox":true,"showFlares":true,"showImageEffects":true,"showParticleSystems":true},"in2DMode":false,"pivot":{"x":-1.5266060829162598,"y":0.9549803733825684,"z":-5.570038318634033},"rotation":{"x":0.10866791009902954,"y":0.8789516091346741,"z":-0.24042624235153199,"w":0.3972789943218231},"size":11.296585083007813,"orthographic":false}