{"cameraMode":{"drawMode":0,"name":"Shaded","section":"Shading Mode"},"sceneLighting":false,"audioPlay":false,"sceneViewState":{"showFog":true,"showMaterialUpdate":false,"showSkybox":true,"showFlares":true,"showImageEffects":true,"showParticleSystems":true},"in2DMode":false,"pivot":{"x":-0.20584964752197267,"y":-6.601415634155273,"z":-16.29373550415039},"rotation":{"x":0.04392576962709427,"y":0.891438364982605,"z":-0.4422295093536377,"w":0.08855076879262924},"size":22.11680793762207,"orthographic":false}