{"cameraMode":{"drawMode":0,"name":"Shaded","section":"Shading Mode"},"sceneLighting":false,"audioPlay":false,"sceneViewState":{"showFog":true,"showMaterialUpdate":false,"showSkybox":true,"showFlares":true,"showImageEffects":true,"showParticleSystems":true},"in2DMode":false,"pivot":{"x":2.671539068222046,"y":5.618239879608154,"z":-19.457542419433595},"rotation":{"x":0.35040682554244997,"y":-0.12701500952243806,"z":0.04802470654249191,"w":0.9267016649246216},"size":11.296585083007813,"orthographic":false}