{"cameraMode":{"drawMode":0,"name":"Shaded","section":"Shading Mode"},"sceneLighting":false,"audioPlay":false,"sceneViewState":{"showFog":true,"showMaterialUpdate":false,"showSkybox":true,"showFlares":true,"showImageEffects":true,"showParticleSystems":true},"in2DMode":false,"pivot":{"x":-10.881876945495606,"y":-6.926180839538574,"z":-7.371720314025879},"rotation":{"x":0.39254030585289,"y":0.5289101004600525,"z":-0.30108028650283816,"w":0.6895774006843567},"size":22.11680793762207,"orthographic":false}