{"cameraMode":{"drawMode":0,"name":"Shaded","section":"Shading Mode"},"sceneLighting":false,"audioPlay":false,"sceneViewState":{"showFog":true,"showMaterialUpdate":false,"showSkybox":true,"showFlares":true,"showImageEffects":true,"showParticleSystems":true},"in2DMode":false,"pivot":{"x":-9.68695068359375,"y":-5.612547874450684,"z":-6.528360366821289},"rotation":{"x":-0.09026351571083069,"y":0.893846869468689,"z":-0.3863801956176758,"w":-0.20880800485610963},"size":14.4158935546875,"orthographic":false}