{"cameraMode":{"drawMode":0,"name":"Shaded","section":"Shading Mode"},"sceneLighting":false,"audioPlay":false,"sceneViewState":{"showFog":true,"showMaterialUpdate":false,"showSkybox":true,"showFlares":true,"showImageEffects":true,"showParticleSystems":true},"in2DMode":false,"pivot":{"x":9.77691650390625,"y":6.000276565551758,"z":-9.588842391967774},"rotation":{"x":-0.4864228665828705,"y":0.29914453625679018,"z":-0.1817658245563507,"w":-0.8005414605140686},"size":16.778095245361329,"orthographic":false}