{"cameraMode":{"drawMode":0,"name":"Shaded","section":"Shading Mode"},"sceneLighting":false,"audioPlay":false,"sceneViewState":{"showFog":true,"showMaterialUpdate":false,"showSkybox":true,"showFlares":true,"showImageEffects":true,"showParticleSystems":true},"in2DMode":false,"pivot":{"x":-9.857768058776856,"y":-2.8910069465637209,"z":-8.926322937011719},"rotation":{"x":-0.05365270376205444,"y":0.9420269131660461,"z":-0.27599844336509707,"w":-0.18311645090579987},"size":14.4158935546875,"orthographic":false}